{
    "jelatin": 1278,
    "gold": 760,
    "bgm_num": 0.35607483983039858,
    "sfx_num": 0.3718070685863495,
    "slime_unlock_list": [
        true,
        true,
        false,
        false,
        false,
        false
    ],
    "slime_list": [
        {
            "id": 0,
            "level": 3,
            "exp": 175.0016326904297,
            "pos": {
                "x": 0.438875675201416,
                "y": -1.7462753057479859,
                "z": -1.7462753057479859
            }
        },
        {
            "id": 0,
            "level": 3,
            "exp": 174.25567626953126,
            "pos": {
                "x": 3.0934879779815676,
                "y": -1.9997751712799073,
                "z": 310.80621337890627
            }
        },
        {
            "id": 1,
            "level": 3,
            "exp": 164.6577606201172,
            "pos": {
                "x": -3.9978389739990236,
                "y": -1.9928065538406373,
                "z": -1.9928065538406373
            }
        }
    ]
}